{"initial_reset_timestamp": 1629828501.240006, "timestamps": [1629828501.6986306], "episode_lengths": [23], "episode_rewards": [23.0], "episode_types": ["t"]}