{"initial_reset_timestamp": 1630416709.0644205, "timestamps": [1630416709.8037875], "episode_lengths": [19], "episode_rewards": [19.0], "episode_types": ["t"]}