{"initial_reset_timestamp": 1631782953.8149772, "timestamps": [1631783047.8844745], "episode_lengths": [180], "episode_rewards": [180.0], "episode_types": ["t", "t"]}