{"initial_reset_timestamp": 1631625877.308554, "timestamps": [1631625896.8868444], "episode_lengths": [150], "episode_rewards": [150.0], "episode_types": ["t", "t"]}