{"initial_reset_timestamp": 1631632509.9276595, "timestamps": [1631632512.5065632], "episode_lengths": [31], "episode_rewards": [31.0], "episode_types": ["t"]}