{"initial_reset_timestamp": 1629833288.4716115, "timestamps": [1629833288.9111614], "episode_lengths": [20], "episode_rewards": [20.0], "episode_types": ["t"]}