{"initial_reset_timestamp": 1629885310.0059266, "timestamps": [1629885313.34189, 1629885315.4575536, 1629885317.6054204, 1629885319.91512, 1629885322.1759746, 1629885324.2634084, 1629885326.3997874, 1629885328.5249536, 1629885330.698871, 1629885332.8698435], "episode_lengths": [200, 200, 200, 200, 200, 200, 200, 200, 200, 200], "episode_rewards": [200.0, 200.0, 200.0, 200.0, 200.0, 200.0, 200.0, 200.0, 200.0, 200.0], "episode_types": ["t", "t", "t", "t", "t", "t", "t", "t", "t", "t"]}