{"initial_reset_timestamp": 1630505390.625396, "timestamps": [1630505394.059071, 1630505396.288272, 1630505398.507545, 1630505400.7689154, 1630505402.9679415, 1630505405.3184927, 1630505407.543764, 1630505409.762362, 1630505411.988315, 1630505414.215826], "episode_lengths": [200, 200, 200, 200, 200, 200, 200, 200, 200, 200], "episode_rewards": [-200.0, -200.0, -200.0, -200.0, -200.0, -200.0, -200.0, -200.0, -200.0, -200.0], "episode_types": ["t", "t", "t", "t", "t", "t", "t", "t", "t", "t"]}