{"initial_reset_timestamp": 1629884894.2475832, "timestamps": [1629884895.2729752, 1629884895.4904065, 1629884895.5269594, 1629884895.542381, 1629884895.5671737, 1629884895.5968301, 1629884895.618731, 1629884895.633129, 1629884895.9962924, 1629884896.0285058, 1629884896.0601718, 1629884896.0817213, 1629884896.107074, 1629884896.1238148, 1629884896.1428876, 1629884896.1555653, 1629884896.1703994, 1629884896.186386, 1629884896.206969, 1629884896.2294745, 1629884896.2965882, 1629884896.3344026, 1629884896.3456304, 1629884896.3582113, 1629884896.3810663, 1629884896.3968334, 1629884896.4224346, 1629884896.6667995, 1629884896.7261791, 1629884896.736908, 1629884896.7641323, 1629884896.7863142, 1629884896.8200161, 1629884896.83814, 1629884896.8633287, 1629884896.8871808, 1629884896.9238672, 1629884896.9482138, 1629884896.9779942, 1629884896.992009, 1629884897.0100994, 1629884897.030776, 1629884897.0459878, 1629884897.0762532, 1629884897.0954182, 1629884897.1132934, 1629884897.1275175, 1629884897.165063, 1629884897.1976624, 1629884897.24555, 1629884897.260983, 1629884897.2754836, 1629884897.291686, 1629884897.3171375, 1629884897.3558054, 1629884897.3813744, 1629884897.4018478, 1629884897.4204795, 1629884897.4395902, 1629884897.4607906, 1629884897.48419, 1629884897.5002346, 1629884897.5163047, 1629884897.5348492, 1629884897.6877134, 1629884897.7113345, 1629884897.7353213, 1629884897.7686117, 1629884897.787568, 1629884897.7996993, 1629884897.8146293, 1629884897.8453548, 1629884897.8884175, 1629884897.912121, 1629884897.9283097, 1629884897.9656832, 1629884897.9854012, 1629884898.0053954, 1629884898.0367002, 1629884898.0650256, 1629884898.089916, 1629884898.1196227, 1629884898.139129, 1629884898.178457, 1629884898.1978614, 1629884898.2172296, 1629884898.2525408, 1629884898.2637768, 1629884898.298606, 1629884898.315934, 1629884898.3865547, 1629884898.408327, 1629884898.435784, 1629884898.4550755, 1629884898.4954667, 1629884898.5288773, 1629884898.5486853, 1629884898.572043, 1629884898.5982144, 1629884898.6357293, 1629884898.6542656, 1629884898.6681435, 1629884898.6891806, 1629884898.7099679, 1629884898.7373405, 1629884898.7525153, 1629884898.800437, 1629884898.8177629, 1629884898.8520432, 1629884898.8645885, 1629884898.8816411, 1629884898.9171164, 1629884898.9463546, 1629884898.9680307, 1629884898.9812539, 1629884898.9946663, 1629884899.0133388, 1629884899.0242572, 1629884899.0615835, 1629884899.0813613, 1629884899.1353886, 1629884899.1560123, 1629884899.228011, 1629884899.2400444, 1629884899.2623, 1629884899.484498, 1629884899.5218167, 1629884899.7045655, 1629884899.7308152, 1629884899.7511928, 1629884899.7660153, 1629884899.78772, 1629884899.806107, 1629884899.8187597, 1629884899.8445256, 1629884899.8740542, 1629884899.8886828, 1629884899.9052494, 1629884899.9393723, 1629884899.9559808, 1629884900.0069318, 1629884900.0553658, 1629884900.081037, 1629884900.0976353, 1629884900.1109345, 1629884900.1232467, 1629884900.1441786, 1629884900.166431, 1629884900.1806715, 1629884900.1961484, 1629884900.20909, 1629884900.2265165, 1629884900.2762105, 1629884900.3380013, 1629884900.3578668, 1629884900.412168, 1629884900.4284883, 1629884900.4481673, 1629884900.4601896, 1629884900.4794595, 1629884900.4989827, 1629884900.5153303, 1629884900.5353434, 1629884900.5757275, 1629884900.599487, 1629884900.632163, 1629884900.647834, 1629884900.666527, 1629884900.6933355, 1629884900.713032, 1629884900.7298188, 1629884900.7520533, 1629884900.8171573, 1629884900.8365405, 1629884900.887051, 1629884900.9190557, 1629884900.9340956, 1629884900.9476552, 1629884900.9708555, 1629884901.0340571, 1629884901.0576038, 1629884906.8707073, 1629884906.9340186, 1629884906.9930105, 1629884907.0757244, 1629884907.1610067, 1629884907.3286178, 1629884907.3629782, 1629884907.4274046, 1629884907.5082552, 1629884907.6117265, 1629884907.6944964, 1629884907.7465374, 1629884907.8725555, 1629884907.9252317, 1629884908.0087643, 1629884908.0830908, 1629884908.1481977, 1629884908.1946504, 1629884908.212217, 1629884908.273614, 1629884908.3068676, 1629884908.3238637, 1629884908.4248736, 1629884908.4491532, 1629884908.4786873, 1629884908.5068958, 1629884908.5851655, 1629884908.6925058, 1629884908.783913, 1629884908.8550503, 1629884908.894484, 1629884908.9204895, 1629884908.9444554, 1629884908.9809837, 1629884909.0702875, 1629884909.3315144, 1629884909.3825686, 1629884909.397267, 1629884909.4434001, 1629884909.5029128, 1629884909.5292735, 1629884909.5674992, 1629884909.5956776, 1629884909.6409066, 1629884909.6646018, 1629884909.6855867, 1629884909.7461245, 1629884909.8225284, 1629884909.8545773, 1629884909.8753362, 1629884909.9108648, 1629884909.963418, 1629884910.0412862, 1629884910.0939796, 1629884910.1178973, 1629884910.2487416, 1629884910.275259, 1629884910.309934, 1629884910.339982, 1629884910.3786721, 1629884910.4476805, 1629884910.5404835, 1629884910.5905597, 1629884910.6315472, 1629884910.6833036, 1629884910.7341204, 1629884910.7749126, 1629884910.7908082, 1629884910.8204405, 1629884910.8497207, 1629884910.8746946, 1629884910.884352, 1629884910.8973153, 1629884910.9248466, 1629884910.959875, 1629884911.0646234, 1629884911.0982752, 1629884911.125487, 1629884911.1715412, 1629884911.1925256, 1629884911.2043607, 1629884911.2515063, 1629884911.2823186, 1629884911.2963183, 1629884911.3242378, 1629884911.3550608, 1629884911.4692109, 1629884911.5033534, 1629884911.5355046, 1629884911.5613978, 1629884911.6143694, 1629884911.6591063, 1629884911.6721263, 1629884916.8186219, 1629884916.8427515, 1629884917.0763812, 1629884917.1273801, 1629884917.2303922, 1629884917.4473724, 1629884917.517853, 1629884917.5356, 1629884917.5659215, 1629884917.796323, 1629884917.910545, 1629884918.139958, 1629884918.1864629, 1629884918.214919, 1629884918.401804, 1629884918.4839487, 1629884918.6700146, 1629884918.852517, 1629884918.9128914, 1629884919.115721, 1629884919.175994, 1629884919.362907, 1629884919.5192497, 1629884919.596429, 1629884919.7144618, 1629884919.8652816, 1629884919.996446, 1629884920.0534394, 1629884920.1725159, 1629884920.205596, 1629884920.2548933, 1629884920.3496397, 1629884920.4261453, 1629884920.5850816, 1629884920.7191665, 1629884920.8313727, 1629884921.0087554, 1629884921.2250977, 1629884926.345121, 1629884926.5826578, 1629884926.8140337, 1629884926.9747224, 1629884927.1880553, 1629884927.3174522, 1629884927.5502808, 1629884927.7733674, 1629884928.0005789, 1629884928.1830757, 1629884928.36499, 1629884928.5927515, 1629884928.6987624, 1629884928.907551, 1629884929.1400547, 1629884929.3676455, 1629884929.469106, 1629884929.6905608, 1629884929.870737, 1629884930.0823607, 1629884930.1964757, 1629884930.4297626, 1629884930.669824, 1629884935.8151097, 1629884936.0694654, 1629884936.3063946, 1629884936.53073, 1629884936.7516606, 1629884936.9732652, 1629884937.220773, 1629884937.433517, 1629884938.4768069, 1629884938.5933645, 1629884938.8174942, 1629884938.9840636, 1629884939.2242057, 1629884939.3812788, 1629884939.5769043, 1629884939.7396488, 1629884939.8788464, 1629884940.110164, 1629884940.336908, 1629884940.4640865, 1629884940.6462307, 1629884940.8834047, 1629884941.0337877, 1629884941.1674328, 1629884946.6182485, 1629884946.8445292, 1629884947.093032, 1629884947.3679895, 1629884947.6015613, 1629884947.8429954, 1629884948.0633893, 1629884948.280069, 1629884948.5016253, 1629884948.741277, 1629884948.9670885, 1629884949.1966882, 1629884949.4063797, 1629884949.5951095, 1629884949.808556, 1629884950.0243738, 1629884950.2455378, 1629884950.420965, 1629884950.6461406, 1629884950.8640165, 1629884956.0526974, 1629884956.2687497, 1629884956.481619, 1629884956.7237985, 1629884956.9569032, 1629884957.1688368, 1629884957.3080103, 1629884957.5406237, 1629884957.7535493, 1629884957.996952, 1629884958.2237313, 1629884958.4378395, 1629884958.6542761, 1629884958.6786098, 1629884958.888654, 1629884959.1168494, 1629884959.3399208, 1629884959.5781379, 1629884959.8111987, 1629884960.0398636, 1629884960.2875383, 1629884965.6646047, 